Building Number,Building Abbr,OfÔ¨Åcial Building Name,Original Year,Ext SqFt,Net SqFt
1,OLDC,OLD CENTRAL,1893,14085.75,11744.15
2,SCPA,SERETEAN CENTER FOR THE PERFORMINGARTS,1912,99277.28,82338.5
3,BC,BARTLETT CENTER FOR THE VISUAL ARTS,1910,36491.28,30894.81
4,M,MORRILL,1906,45187.69,38226.16
5,CPAC,CONOCOPHILLIPS OSU ALUMNI CENTER,2005,51522.86,46804.45
6,GU,GUNDERSEN,1912,33700.08,29576.22
7,BU,BUSINESS,2017,153369.87,136596.55
8,ENDV,CEAT ENDEAVOR LAB,2018,91125.36,74153.75
9,ARCH,DONALDW. REYNOLDS SCHOOL OF ARCHITECTURE,1919,70840.78,65416.2
10,,BENNETT MEMORIAL CHAPEL,1958,5440.79,4518.04
12,JB,PAUL MILLER JOURNALISM AND BROADCASTING,1918,38405.46,34979.56
13,THR,THATCHER,1925,27407.13,23698.08
15,WH,WHITEHURST,1925,73644.42,63310.4
19,PI,PUBLIC INFORMATION,1930,19780.37,16889.22
21,BPS,BOONE PICKENS STADIUM,1941,1088679.1,1026613.33
24,SSH,SOCIAL SCIENCES AND HUMANITIES,1934,109330.76,95950.41
25,PSY,PSYCHOLOGY,1936,38776.8,32054.37
27,ES,ENGINEERING SOUTH,1938,106250.14,86927.67
28,LSE,LIFE SCIENCES EAST,1938,86073.56,77520.23
29,AC,ATHLETIC CENTER,1938,421254.28,354759.06
30,NRDW,NANCY RANDOLPH DAVIS WEST,1983,52802.06,48604.86
,,NANCY RANDOLPH DAVIS WEST PLAYGROUND SHELTER,,,
0030A,,,2000,625.51,601.03
,,A,,,
,,NANCY RANDOLPH DAVIS WEST PLAYGROUND SHELTER,,,
0030B,,,2000,625.51,601.03
,,B,,,
31,WLLD,WILLARD,1939,112161.11,101175.62
33,FS,CAMPUS FIRE STATION,1938,22486.09,20303.6
34,STOUT,STOUT HALL,1948,102138.98,87535.45
35,SU,STUDENT UNION,1948,479309.35,432294.28
0035A,,STUDENT UNION PARKING GARAGE,1969,186564,181866
36,NRD,NANCY RANDOLPH DAVIS,1949,197572.27,176309.14
37,,POWER PLANT,1948,53479,50026
0037A,,POWER PLANT GAS METER HOUSE,1950,-pending-,-pending-
38,,BENNETT HALL,1948,292117,255999.46
39,MCEL,MCELROY HALL,1949,180176.6,162289.38
40,LIB,EDMON LOW LIBRARY,1948,227234.24,210743.26
41,CLBN,NORTH CLASSROOM,2009,58827.75,54453.47
43,HBRC,HENRY BELLMON RESEARCH CENTER,2010,156287.07,142318.23
44,CLB,CLASSROOM,1951,84148.64,75023.07
46,ATRC,ADVANCED TECHNOLOGY RESEARCH CENTER,1997,271886.8,249794.58
,,ROBERT M. KERR FOOD & AGRICULTURAL PRODUCTS,,,
47,FAPC,,1997,108090.27,97852.64
,,CENTER,,,
48,,INDOOR HITTING FACILITY,2001,6065.45,5702.84
49,ANSI,ANIMAL SCIENCES,1982,44772.29,40339.61
50,USDA,U.S. DEPARTMENT OF AGRICULTURE,1955,31809.64,28534.95
51,PS,PHYSICAL SCIENCES,1958,183772.54,169050.75
0051A,,NUCLEAR MAGNETIC RESONANCE LABORATORY,1996,1140.33,984.06
0051B,,NMR LABORATORY MECHANICAL,1996,169.44,125.65
52,AG,AGRICULTURAL HALL,2024,247455.71,218692.1
53,LSW,LIFE SCIENCES WEST,1960,79744.71,71899.95
54,SCOT,SCOTT HALL,1962,57186.22,51783.6
55,PARH,PARKER HALL,1962,57338.11,51887.1
56,SPWC,SCOTT-PARKER-WENTZ CAFETERIA,1962,19225.2,17827.54
57,LH,LEGACY HALL,1957,209166.62,189072.84
59,EN,ENGINEERING NORTH,1964,106974.13,97949.3
60,WNTZ,WENTZ HALL,1964,121019.03,108914.99
62,,CONTROLLED ENVIRONMENT RESEARCH LABORATORY,1964,6824.94,6390.48
64,,VETERINARY MEDICINEANNEX,1955,2643.84,2373.01
65,DRUM,DRUMMOND HALL,1966,134179.95,120606.31
66,KD,KERR-DRUMMOND CAFETERIA,1966,61393.81,57655.46
67,,KERR HALL,1966,134179.95,120675.03
68,GAB,GENERAL ACADEMIC,1966,63020.99,56422.6
69,NRC,NOBLE RESEARCH CENTER,1988,304145.27,264951.8
about:blank,,,,,13-Jan
"4/18/25, 12:06 PM",,about:blank,,,
,,WESWATKINS CENTER FOR INTERNATIONAL TRADE,,,
70,WWC,,1990,95258.46,86087.61
,,DEVELOPMENT,,,
72,APRS,ALLIE P. REYNOLDS STADIUM,1981,18989,17325.43
0072A,,ALLIE P. REYNOLDS STADIUM CONCESSIONS,1981,328.47,248.27
,,INSTITUTE FOR TEACHING AND LEARNING,,,
73,ITLE,,1983,25655.43,22669.64
,,EXCELLENCE,,,
75,,BARTLETT INDEPENDENT LIVING LABORATORY,1949,2018.84,1762.32
76,,SOFTBALL COMPLEX,2000,10854.96,9761.34
0077A,,FACILITIES MANAGEMENT MULTIPURPOSE FACILITY,2011,8471.73,7712.8
0077B,,FACILITIES MANAGEMENT MATERIALS YARD STORAGE,2016,-pending-,-pending-
78,,FACILITIES MANAGEMENT NORTH,1971,19408.65,18182.28
79,FMS,FACILITIES MANAGEMENT SERVICES,1972,56562.67,51830.09
80,BAEL,BIOSYSTEMS & AGRICULTURAL ENGINEERING LAB,1966,34034.17,32810.38
81,,STORAGE - INTRAMURAL FIELDS,1980,199.46,160.79
82,,IBA HALL,1967,60115.25,54289.72
83,,POWER DISTRIBUTION CENTER,2018,14568.43,13337.68
84,,GREENHOUSE LEARNING CENTER,2018,18756.88,17600.14
85,,TRANSPORTATION SERVICES FACILITY,1967,15340.45,14264.4
0085A,,TRANSPORTATION SERVICES FACILITY SHELTERA,1971,4160,4160
0085B,,TRANSPORTATION SERVICES FACILITY SHELTER B,1973,4160,4160
86,,LAUNDRY,1967,3360.31,3126.92
88,,UPHOLSTERY SHOP,1958,3603.87,3362.62
89,MSCS,MATH SCIENCES,1968,79804.86,72715.96
90,UMS,UNIVERSITY MAILING SERVICES,1973,20495.27,19747.24
92,CRC,COLVIN RECREATION CENTER,1969,242113.15,222995.95
0092A,,COLVIN RECREATION CENTER BATH HOUSE,2006,1816.74,1536.5
0092B,,COLVIN RECREATION CENTER POOL CONTROL,2006,2725.24,2380.22
0092C,,COLVIN RECREATION CENTER EQUIPMENT STORAGE,2014,-pending-,-pending-
106,ACOB,AGRICULTURAL CENTER OFFICE,1975,40918.35,38201.12
,,DAVID L BOREN VETERINARY MEDICINE TEACHING,,,
107,VMTH,,1981,145376.4,136357.33
,,HOSPITAL,,,
108,ESML,EQUINE SPORTS MEDICINE LAB,1973,2075.3,1752.18
109,CRCA,COLVIN CENTERANNEX,1978,36189.19,34958.32
,,OKLAHOMA ANIMAL DISEASE DIAGNOSTIC,,,
110,OADD,,1974,68123.38,61738.06
,,LABORATORY,,,
111,UHS,UNIVERSITY HEALTH SERVICES,1974,46967.76,43439.44
112,,HAZARDOUS REACTION LABORATORY,1982,5997.34,5440.77
113,FMA,FACILITIES MANAGEMENT ADMINISTRATION,1975,12153.85,11100.7
114,,FIRE PUBLICATIONSAND TRAINING,1975,10339.68,9451.93
115,MERL,MECHANICAL&AEROSPACE ENGINEERING RESEARCH,1976,24935.83,23587.57
116,ERDL,ELECTRONICS LABORATORY,1978,11087.1,10365.55
117,,FIRE PUBLICATIONWAREHOUSE,1981,17886.8,17232.12
118,,FACILITIES MANAGEMENT LANDSCAPE STORAGE,1982,2901.35,2842.29
119,,FACILITIES MANAGEMENT LUMBER STORAGE,1983,2901.3,2829.22
120,,BRUMLEY APARTMENTS - UNIT E2,1961,8781.06,7669.61
121,,BRUMLEY APARTMENTS - UNIT D4,1961,10724.34,9379.56
122,,BRUMLEY APARTMENTS - UNIT D3,1961,10724.34,9379.56
123,,BRUMLEY APARTMENTS - UNIT E1,1961,8741.33,7639.45
124,,BRUMLEY APARTMENTS - UNIT D1,1961,10724.34,9379.56
125,,BRUMLEY APARTMENTS - UNIT D2,1961,10724.34,9379.56
126,,VILLAGE SUITES C AND D,2006,110606.55,96272.41
127,,VILLAGE SUITES HS,2006,42824.24,37617.46
128,,VILLAGE SUITES CASNR,2006,42807.69,37575.02
129,,VILLAGE SUITES E AND F,2006,110603.27,96219.65
130,,CENTRAL MARKET PLACE,2023,31532.67,30362.01
133,,LIBRARY AUXILIARY,2014,18962.9,17185.91
134,,INFORMATION TECHNOLOGY,2014,29081.36,27849.52
135,UAT,UNIVERSITY ASSESSMENT AND TESTING,2005,13938.75,12282.3
136,CVHS,CVMACADEMIC CENTER,2015,15354.49,13682.39
137,,DEMAREEAPARTMENTS - UNIT S-42,1962,11285.34,9941.46
139,,DEMAREEAPARTMENTS - UNIT S-39,1962,11285.34,9941.46
140,,DEMAREEAPARTMENTS - UNIT S-41,1962,11285.34,9943.04
141,,DEMAREEAPARTMENTS - UNIT S-40,1962,11285.34,9942.79
142,,DEMAREEAPARTMENTS - UNIT S-38,1962,11285.34,9941.46
143,,DEMAREEAPARTMENTS - UNIT S-36,1962,11285.34,9941.46
about:blank,,,,,13-Feb
"4/18/25, 12:06 PM",,about:blank,,,
148,,DEMAREEAPARTMENTS - UNIT S-37,1962,11285.34,9941.46
149,,PROSSER APARTMENTS - UNIT N-20,1957,11285.34,9941.46
150,,PROSSER APARTMENTS - UNIT N-25,1957,2798.6,2453.56
151,,PROSSER APARTMENTS - UNIT N-26,1957,11285.34,9941.46
156,,PROSSER APARTMENTS - UNIT N-28,1957,11285.34,9941.46
157,,PROSSER APARTMENTS - UNIT N-23,1957,2798.6,2453.56
158,,PROSSER APARTMENTS - UNIT N-22,1957,11285.34,9941.46
159,,PROSSER APARTMENTS - UNIT N-27,1957,11285.34,9941.46
160,,PROSSER APARTMENTS - UNIT N-24,1957,2798.6,2453.56
161,,PROSSER APARTMENTS - UNIT N-17,1957,2798.6,2453.56
162,,PROSSER APARTMENTS - UNIT N-16,1957,11285.34,9941.46
163,,PROSSER APARTMENTS - UNIT N-21,1957,11285.34,9941.46
164,,PROSSER APARTMENTS - UNIT N-18,1957,2798.6,2453.56
165,,WILLIAMS APARTMENTS - UNIT N-15,1957,2798.6,2453.56
166,,WILLIAMS APARTMENTS - UNIT N-14,1957,11285.34,9941.46
167,,WILLIAMS APARTMENTS - UNIT N-13,1957,2798.6,2453.56
168,,WILLIAMS APARTMENTS - UNIT N-12,1957,11285.34,9941.46
169,,PROSSER APARTMENTS - UNIT N-19,1957,2798.6,2453.56
170,,WILLIAMS APARTMENTS - UNIT N-101,1966,11285.34,9941.46
171,,WILLIAMS APARTMENTS - UNIT N-102,1966,11285.34,9941.46
172,,WEST APARTMENTS - UNIT S-85,1964,11285.34,9941.46
173,,WEST APARTMENTS - UNIT S-86,1964,11285.34,9941.46
174,,WILLIAMS APARTMENTS - UNIT N-103,1966,11285.34,9941.46
175,,WILLIAMS APARTMENTS - UNIT N-104,1966,11285.34,9941.46
176,,WEST APARTMENTS - UNIT S-87,1964,11285.34,9941.46
177,,WILLIAMS APARTMENTS - UNIT N-105,1966,11285.34,9941.46
178,,STEVENSAPARTMENTS - UNIT S-92,1964,11285.34,9941.46
179,,WEST APARTMENTS - UNIT S-88,1964,11285.34,9941.46
180,,STEVENSAPARTMENTS - UNIT S-91,1964,11285.34,9941.46
181,,WEST APARTMENTS - UNIT S-89,1964,11285.34,9941.46
182,,STEVENSAPARTMENTS - UNIT S-90,1964,11285.34,9941.46
183,,STEVENSAPARTMENTS - UNIT S-75,1964,11285.34,9941.46
184,,WEST APARTMENTS - UNIT S-80,1964,11285.34,9941.46
185,,WEST APARTMENTS - UNIT S-81,1964,11285.34,9941.46
186,,STEVENSAPARTMENTS - UNIT S-74,1964,11285.34,9941.46
187,,STEVENSAPARTMENTS - UNIT S-73,1964,11285.34,9941.46
188,,WEST APARTMENTS - UNIT S-82,1964,11285.34,9941.46
189,,WEST APARTMENTS - UNIT S-83,1964,11285.34,9941.46
190,,WEST APARTMENTS - UNIT S-84,1964,11285.34,9941.46
191,,STEVENSAPARTMENTS - UNIT S-72,1964,11285.34,9941.46
192,,STEVENSAPARTMENTS - UNIT S-71,1964,11285.34,9941.46
193,,STEVENSAPARTMENTS - UNIT S-70,1964,11285.34,9941.46
194,,STEVENSAPARTMENTS - UNIT S-76,1964,11285.34,9941.46
,,MARRIED STUDENT APARTMENTS,,,
195,,,1990,333,265.23
,,TELECOMMUNICATIONS,,,
196,,FAPC MECHANICAL,1997,558.88,436.42
197,WC,SERETEAN WELLNESS CENTER,1990,30509.88,28331.39
198,EEA,EQUINE EXAMINATIONARENA,1991,7275.56,6965.01
199,,NEAL PATTERSON STADIUM,2019,14650.99,13589.72
0199A,,COWGIRL CORRAL,2019,22445.06,21153.2
200,,CINGULAR WIRELESS EQUIPMENT,2002,225,200.85
201,FRC,FAMILY RESOURCE CENTER,1998,7185.34,6587.89
202,,VETERINARY MEDICINE MAINTENANCE FACILITY,1995,4118.55,3677.37
203,,HALL OF FAME SOCCER COMPLEX MECHANICAL,1997,112.28,80.56
204,,UNIVERSITY APARTMENTS STORAGE 1,1964,474.9,405.68
205,,UNIVERSITY APARTMENTS STORAGE 2,1964,473.33,404.65
206,,UNIVERSITY APARTMENTS STORAGE 3,1964,333.94,311.9
207,,UNIVERSITY APARTMENTS STORAGE 4,1964,401.49,375.78
211,BCEL,BERT COOPER ENGINEERING LABORATORY,2014,30682.38,29267.23
212,VAA,VISUAL ARTSANNEX,2003,14497.13,13742.56
213,,STORAGE - HAZARDOUS REACTION LABAREA,1982,332.13,315.94
214,,WILLIS SOCCER FIELD RESTROOMS,1997,649.86,532.37
215,,FRACTIONATION RESEARCH CONTROL,1991,3141.42,2856.74
216,,FIRE PROTECTION PUBLICATIONS OFFICE,1990,30181.22,27100.42
217,,HAZARDOUS STORAGE,1984,1309.5,1213.31
about:blank,,,,,13-Mar
"4/18/25, 12:06 PM",,about:blank,,,
218,,PETROLEUM TECHNOLOGY WAREHOUSE,1983,7300.06,7144.53
219,PTC,PETROLEUM TECHNOLOGY CLASSROOM BUILDING,1990,12385.12,11722.99
,,FIRE TECHNOLOGY OUTDOOR LABORATORY- FIRE TECH,,,
220,,,1974,3117.55,2813.27
,,AREA,,,
,,FIRE PROTECTION & SAFETY TECHNOLOGY,,,
222,,,2003,11000.37,9846.35
,,LABORATORY,,,
223,CONL,CONSTRUCTION TECHNOLOGY LABORATORY #2,1968,5925.65,5465.1
224,,GARY F. STEWART CORE RESEARCH FACILITY,2018,5735,5179.01
225,,FACILITIES MANAGEMENT HORTICULTURE,2003,14171.94,13868.21
226,,CONTROLLED ENVIRONMENTAL PLANT FACILITY,2003,2706.38,2518.42
227,ECDU,ENERGY CONSERVATION DEMONSTRATION UNIT,1980,2044.57,1906.36
228,,STORAGE - CONSTRUCTION TECHNOLOGY AREA,1978,531.56,473.35
230,,RIDGE ROAD GREENHOUSE,2009,7513.8,6738.72
231,,EXCELSIOR,2019,10797.89,9851.54
0236A,,FACILITIES MANAGEMENT UTILITIES OFFICES STORAGE,2016,-pending-,-pending-
237,,FACILITIES MANAGEMENT UTILITIES STORAGE,2010,606.55,578.92
238,,FACILITIES MANAGEMENT WAREHOUSE NO. 1,2001,8451.42,7870.23
239,,WEST CHILLEDWATER PLANT,2000,25883.41,24161.77
240,,DUMP TRUCKWASH STATION,1998,1090.27,1059.33
241,,FACILITIES MANAGEMENT WAREHOUSE NO. 2,1978,9708.34,9223.54
242,,FACILITIES MANAGEMENT WAREHOUSE NO. 3,1996,9969.97,9714.89
243,,FACILITIES MANAGEMENT WAREHOUSE NO. 4,1978,9487.89,9402.2
245,,MCPHERSON HALL,2001,39775.17,35155.93
246,,PAYNE ELLIS HALL,2001,43873.4,38830.22
247,,CARREKER HALL WEST,2001,26619.93,23434.61
248,,CARREKER HALL EAST,2001,26619.93,23435.03
249,,MORSANI-SMITH HALL,2001,90330.54,79486.37
250,,SITLINGTON HALL,2001,25197.96,22065.5
251,,GRIFFITH COMMUNITY CENTER,2001,6163.09,5686.34
252,,YOUNG HALL,2001,25197.96,22065.12
253,,DAVIS HALL,2001,53103.51,46827.39
254,,BOST HALL,2001,37406.58,32711.34
255,,ZINK-ALLEN HALL,2001,105926.33,92327.43
256,,PATILLO COMMUNITY CENTER,2000,3402.97,3139.6
257,,PETERSON-FRIEND HALL,2000,89998.47,79330.99
258,,KAMM HALL,2000,37414.53,32735.04
259,,PATCHIN-JONES HALL,2000,104530.17,91324.12
260,,OFFICES - 1202 WEST MCELROY ROAD,2014,3867.79,3574.75
261,,BOOKER-STINCHCOMB HALL,2003,131446.88,114744.53
262,,ADAMS MARKET,2003,12503.97,11463.41
263,,WENTZ LANE PARKING GARAGE,2013,211549.47,206565.64
264,,UNIVERSITY COMMONS WEST,2015,90139.69,75531.62
0264A,,UNIVERSITY COMMONS DUMPSTER MECHANICAL,2015,143.07,107.92
265,,UNIVERSITY COMMONS NORTH,2015,90050.47,75503.66
266,,UNIVERSITY COMMONS SOUTH,2015,90087.69,75559.65
267,,NHOF DINING HALL,2016,37837.59,35310.57
270,,4THAVENUE PARKING GARAGE,2016,239373.52,231855.87
271,,MCKNIGHT CENTER FOR THE PERFORMINGARTS,2019,134241.58,111347.34
272,GSM,MICHAEL ANDANNE GREENWOOD SCHOOL OF MUSIC,2021,73594.63,63675.21
273,,CROSS COUNTRY STORAGE,2019,-pending-,-pending-
281,NOC,"NORTHERN OKLAHOMA COLLEGE, STILLWATER",2018,77247.13,71161.4
282,CP,CENTRAL PLANT,2018,82429.16,71403.58
284,,MULTIMODAL TRANSPORTATION TERMINAL,2009,18642.25,17260.66
285,,MONROE STREET GARAGE,2009,330593.7,322155.4
286,,SHERMAN E. SMITH TRAINING FACILITY,2013,93544,-pending-
287,,ATHLETIC TICKET OFFICE CALL CENTER,1947,2953.57,2467.79
0287A,,ATHLETIC TICKET OFFICE CALL CENTER ANNEX,1947,280.04,231.58
288,,MICHAEL ANDANNE GREENWOOD TENNIS CENTER,2014,54837.99,52199.29
0288A,,TENNIS CENTER NORTH FITNESS FACILITY,2014,1504.58,1252.71
289,,TRACK FACILITY,2014,7728.84,7070.42
0289A,,TRACK FACILITY STORAGE,2014,3299.52,3094.55
290,,O'BRATE STADIUM,2020,163832.19,112939.39
300,,CAREERTECH PRINT PLANT &WAREHOUSE,1980,47493.15,45803.62
305,,GREENHOUSE #1 - SPECIAL PROJECTS AREA,1983,1489,1440
306,,GREENHOUSE #2 - SPECIAL PROJECTS AREA,1983,1489,1440
about:blank,,,,,13-Apr
"4/18/25, 12:06 PM",,about:blank,,,
307,,GREENHOUSE #3 - SPECIAL PROJECTS AREA,1983,1489,1440
308,,GREENHOUSE #4 - SPECIAL PROJECTS AREA,1983,1489,1440
309,,HORTICULTURE CLUB GREENHOUSE,1983,1489,1440
310,,USDAPLANT SCIENCE FACILITY - OFFICE & LAB,1983,-pending-,-pending-
311,,USDAPLANT SCIENCE FACILITY - HEADHOUSE,1965,-pending-,-pending-
0311A,,USDA GREENHOUSE #1 - ARS-17A - USDA NORTH,1965,-pending-,-pending-
0311B,,USDA GREENHOUSE #2 - ARS-17B - USDA NORTH,1965,-pending-,-pending-
0311C,,USDA GREENHOUSE #3 - ARS-17C - USDA NORTH,1965,-pending-,-pending-
0311D,,USDA GREENHOUSE #4 - ARS-17D - USDA NORTH,1965,-pending-,-pending-
0311E,,USDA GREENHOUSE #5 - ARS-17E - USDA NORTH,1965,-pending-,-pending-
0311F,,USDA GREENHOUSE #6 - ARS-17F - USDA NORTH,1965,-pending-,-pending-
0311G,,USDA GREENHOUSE #7 - ARS-17G - USDA NORTH,1965,-pending-,-pending-
0311H,,USDA GREENHOUSE #8 - ARS-17H - USDA NORTH,1965,-pending-,-pending-
312,,USDA GREENHOUSE #9 - ARS-17J - USDA NORTH,1965,-pending-,-pending-
0313A,,USDA GREENHOUSE #10 - ARS-18A - USDA NORTH,1965,-pending-,-pending-
0313B,,USDAGREENHOUSE #11 - ARS-18B - USDA NORTH,1965,-pending-,-pending-
0313C,,USDA GREENHOUSE #12 - ARS-18C - USDA NORTH,1965,-pending-,-pending-
0313D,,USDA GREENHOUSE #13 - ARS-18D - USDA NORTH,1965,-pending-,-pending-
0313E,,USDA GREENHOUSE #14 - ARS-18E - USDA NORTH,1965,-pending-,-pending-
0313F,,USDA GREENHOUSE #15 - ARS-18F - USDA NORTH,1965,-pending-,-pending-
,,USDAPLANT SCI FACIL - ARS-24 - EAST METAL,,,
0314A,,,1965,-pending-,-pending-
,,BUILDING,,,
,,USDAPLANT SCI FACIL - ARS-27 - WEST METAL,,,
0314B,,,1965,-pending-,-pending-
,,BUILDING,,,
,,USDAPLANT SCI FACIL - ARS-26 - PEANUT MAINT,,,
0314C,,,1965,-pending-,-pending-
,,BUILDING,,,
,,USDAPLANT SCI FACIL - ARS-28 - BIOCONTROL,,,
0314D,,,1965,-pending-,-pending-
,,LABORATORY,,,
0314E,,USDAPLANT SCI FACIL - OPEN STORAGE SHELTER,1965,-pending-,-pending-
,,NORTH INTRAMURAL SOCCER FIELDS RESTROOMSAND,,,
315,,,2017,1617.78,1460.66
,,SHELTER,,,
0315A,,NORTH INTRAMURAL SOCCER FIELDS STORAGE,2017,1738,1545.39
320,,COHN FAMILY SMALL ANIMAL SHELTER,1999,9477.42,9050.89
0320A,,CANINE LONG-TERM HOUSINGANNEX,2014,1332.5,1064
0320B,,MULTI SPECIES RESEARCH FACILITY,2016,16189.92,15008.29
322,,HAZARDOUS MATERIAL LABORATORY,2005,-pending-,-pending-
0322A,,HAZARDOUS MATERIAL LABORATORY SHELTER,2005,-pending-,-pending-
,,HAZARDOUS MATERIAL LABORATORY TRAILER,,,
323,,,2005,-pending-,-pending-
,,STORAGE,,,
0324A,,LOAD CALCULATIONAND TESTING - MASSIVE,2016,-pending-,-pending-
0324B,,LOAD CALCULATIONAND TESTING - LIGHTWEIGHT,2016,-pending-,-pending-
0324C,,HYBRID GROUND SOURCE HEAT PUMP LABORATORY,2016,-pending-,-pending-
0324D,,CEAT RESEARCH STORAGE BUILDING 1,2016,-pending-,-pending-
0324E,,CEAT RESEARCH - MATERIALS STORAGE,2016,-pending-,-pending-
0324G,,SMART BRIDGE MECHANICAL,2016,-pending-,-pending-
325,,STORAGEWAREHOUSE - WESTERN ROAD,2008,20094.3,19696.85
504,,CAREERTECH NORTH & WEST - 601 S. WALNUT STREET,1938,20056,15039
505,,CAREER TECH PERKY - 1500 W. SEVENTHAVENUE,1970,22561,16142
506,,CAREERTECH CENTRAL,1970,33538,28080
,,CAREERTECH CURRICULUM CENTER - 701 S.WALNUT,,,
510,,,1956,4306,4306
,,STREET,,,
511,,CAREERTECH TESTING - 709 S. WALNUT STREET,1980,2403,2403
600,,PESTICIDE STORAGE -AGRONOMY FARM,1948,1431.71,1340.62
601,,RESIDENCE -AGRONOMY FARM,1938,2035,1492
,,DRYINGAND WEIGHING LABORATORY -AGRONOMY,,,
602,,,1935,3240.88,2976.26
,,FARM,,,
603,,STORAGE SHED -AGRONOMY FARM,1995,2605.34,2547.14
604,,WEEDS LABORATORY -AGRONOMY FARM,1965,3052.82,2902.17
605,,WEEDS LABORATORY GREENHOUSE -AGRONOMY FARM,1965,3483,3392
606,,CHEMICAL STORAGE -AGRONOMY FARM,2000,351.84,335.82
607,,CITY OF STILLWATER FIRE STATION NO. 2,Unknown,-pending-,-pending-
609,,BARN B -AGRONOMY FARM,1935,3298,3001
610,,BARNA -AGRONOMY FARM,1935,9504,8756
611,,AGRONOMYLABORATORY -AGRONOMY FARM,1975,2184,2030
612,,WEEDANNEX -AGRONOMY FARM,1965,904,876
614,,SEED CENTER -AGRONOMY FARM,1950,9627,9265
about:blank,,,,,13-May
"4/18/25, 12:06 PM",,about:blank,,,
615,,SEED AND FERTILIZER -AGRONOMY FARM,1973,6447,5669
616,SG,SMALL GRAINS -AGRONOMY FARM,1945,14536,12669
617,,SMALL GRAINS GREENHOUSE -AGRONOMY FARM,1965,23631,22297
618,,WHEAT RESEARCH -AGRONOMY FARM,1975,4176,4000
619,,WEED SCIENCE -AGRONOMY FARM,1975,2669,2488
620,,AGRONOMY STORAGE -AGRONOMY FARM,1975,6000,5885
621,,STORAGE BARN -AGRONOMY FARM,1995,3567,3518
622,,USDAPEANUT GREENHOUSE EAST,2014,2944,-pending-
623,,USDAPEANUT GREENHOUSE WEST,2014,2944,-pending-
0623A,,USDAPEANUT GREENHOUSE EAST SHED,2018,-pending-,-pending-
624,,GRINDING SHED -AGRONOMY FARM,1975,686.35,676.3
626,,RESIDENCE GARAGE -AGRONOMY FARM,1935,480,448
627,,THRESHING SHED -AGRONOMY FARM,1938,-pending-,-pending-
628,,USDAPEANUT HEADHOUSE -AGRONOMY FARM,2014,1633.49,1602.97
629,,TEN-BAY STORAGE -AGRONOMY FARM,2001,6051.06,5917.38
634,,SERC JUDGING BUILDING,2004,3504,-pending-
0634A,,SERC PUMP BUILDING,2003,866,-pending-
0634B,,SERC ELECTRICAL AND STORAGE #2,2002,620,-pending-
0634C,,SERC ELECTRICAL AND STORAGE #1,2002,620,-pending-
635,,SERC HEADQUARTERS,2005,1740,-pending-
0635A,,SERC GESTATION #1,2004,2055,-pending-
0635B,,SERC GESTATION #1 FEED,2004,102,-pending-
0635C,,SERC GESTATION #2,2004,2055,-pending-
0635D,,SERC GESTATION #2 FEED,2004,102,-pending-
0635E,,SERC FARM FARROWING #1,2004,1140,-pending-
0635F,,SERC FARROWING #1 FEED,2004,102,-pending-
0635G,,SERC FARROWING #2,2004,1140,-pending-
0635H,,SERC FARROWING #2 FEED,2004,102,-pending-
0635J,,SERC NURSERY #1,2004,1301,-pending-
0635K,,SERC NURSERY #1 FEED,2004,102,-pending-
0635L,,SERC NURSERY #2,2004,1301,-pending-
0635M,,SERC NURSERY #2 FEED,2004,102,-pending-
0635N,,SERC FINISHER #1,2004,1302,-pending-
0635P,,SERC FINISHER #1 FEED,2004,102,-pending-
0635Q,,SERC FINISHER #2,2004,1302,-pending-
0635R,,SERC FINISHER #2 FEED,2004,102,-pending-
0635S,,SERC FINISHER #3,2004,1303,-pending-
0635T,,SERC FINISHER #3 FEED,2004,102,-pending-
0635U,,SERC FINISHER #4,2004,1303,-pending-
0635V,,SERC FINISHER #4 FEED,2004,102,-pending-
0635W,,SERC FINISHER #5,2004,1302,-pending-
0635X,,SERC FINISHER #5 FEED,2004,102,-pending-
0635Y,,SERC FINISHER #6,2004,1302,-pending-
0635Z,,SERC FINISHER #6 FEED,2004,102,-pending-
636,,EQUESTRIAN SADDLING BARN,2000,4831.3,4629.6
637,,BOVINE ISOLATION FACILITY,2000,6214.57,5739.78
638,EC,CHARLES AND LINDA CLINE EQUINE TEACHING CENTER,2015,13942,2995.65
639,AR,TOTUSEKARENA,1986,49113.81,44886.64
640,,ANAPLASMOSIS HAY BARN - VET MED,1987,5000,4856
641,,SWINE BARN - SWINE FARM,1920,7912,7162
642,,ANIMAL SCIENCE SWINE FARM - FARM HOUSE #3,1931,1053,1053
644,,STORAGE - SWINE FARM,1975,1492,1406
,,BIOSYSTEMSANDAGRICULTURAL ENGINEERING WEST,,,
647,,,1945,3600,3465
,,ANNEX,,,
,,BIOSYSTEMSANDAGRICULTURAL ENGINEERING WEST,,,
0647A,,,2005,3982.51,3961.86
,,MACHINERY,,,
,,BIOSYSTEMSANDAGRICULTURAL ENGINEERING WEST,,,
648,,,2008,1788.87,1771.55
,,STORAGE,,,
649,,ANIMAL LOAFING SHED - SHEEP CENTER,1946,1600,1574
650,,LARGEANIMAL RESEARCH - VETERINARY MEDICINE,1994,4016.85,3835.44
0650A,,NORTH CATTLE WORKING SHED,2003,1243.84,1221.46
0650B,,RAPTOR FLIGHT CAGES,2003,450.56,416.92
653,,RESEARCH LABORATORY - AGRICULTURE,1965,4754,4383
654,,ANAPLASMOSIS,1938,4245.11,3817.44
655,,SHEEP BARN,1930,12580,11294
about:blank,,,,,13-Jun
"4/18/25, 12:06 PM",,about:blank,,,
656,,CENTRAL DINING SERVICES,1969,35217.02,33054.36
,,BIOSYSTEMSANDAGRICULTURAL ENGINEERING WEST,,,
658,,,1986,7397.48,3944.93
,,LAB,,,
0658A,,BIOENERGY LABORATORY,2008,4186.82,3821.23
659,,MILKING PARLOR,1987,4001.95,3696.78
0659A,,DAIRY FREE-STALL BARN - DAIRY FARM,2017,26353.84,22922.98
0659B,,DAIRY VISITORS CENTER,2020,2362.13,2104.48
0660A,,LOAFING SHEDA - DAIRY FARM,1951,3955.2,3856.24
0660D,,LOAFING SHED D - DAIRY FARM,1951,9673.53,9422.19
0660G,,SICK COW SHED - DAIRY FARM,1950,2291.97,2209.75
0660H,,MANURE HANDLING SHED - DAIRY FARM,2008,1800,1762.69
0660J,,DAIRY FEED LANE - DAIRY FARM,2013,4080,-pending-
0661D,,HAY BARN D - DAIRY FARM,2013,6000,6000
0662A,,CALVING SHED WEST - DAIRY FARM,1999,973.95,953.95
0662B,,COMMODITY BARN - DAIRY FARM,1996,1423.54,1399.43
0662C,,CALVING SHED PEN 9 - DAIRY FARM,1993,398.8,386.74
0662D,,CALVING SHED PEN 10 - DAIRY FARM,1958,398.8,386.62
663,,DAIRY BARN - DAIRY FARM,1948,40010,36546
0663A,,HELMS HALL - DAIRY FARM,2018,2809.33,2158.44
664,,BULL BARNAND LABORATORY - DAIRY FARM,1950,4483.67,4253.63
665,,EQUINE BREEDING BARN - ANIMAL SCIENCE,1965,2137.18,1968.49
0665A,,EQUINE CENTER TRAILER STORAGE,1998,1500,-pending-
0666A,,EQUINE HAY BARN,1993,2834.13,2762.38
0666C,,EQUESTRIAN MARE BARN,2008,-pending-,-pending-
0666D,,EQUESTRIANWASH RACK,2008,680.77,563.39
0666E,,EQUESTRIAN TEAM BUILDING,2022,2857.5,2683.78
667,,WILDLIFE UNIT RESEARCH,1971,2253,2013
0667A,,BOAT STORAGE - NATURAL RESOURCES,2014,-pending-,-pending-
668,,EQUINE STALLION BARN - ANIMAL SCIENCE,1965,1264.36,1160.99
,,ANIMAL SCIENCE RESIDENCE - FARM HOUSE #2,,,
669,,,1934,491,440
,,GARAGE,,,
670,,WATER PLANT,1966,17861.69,15998.99
0670A,,HIGH SERVICE PUMP BUILDING,2017,-pending-,-pending-
0670B,,AMMONIASTORAGE/FEED,2017,-pending-,-pending-
671,,FISHERIES LABORATORY - ENTOMOLOGY AREA,1958,1882,1739
672,,STORAGE - ENTOMOLOGY AREA,1958,1800,1722
0672A,,ENTOMOLOGY AND PLANT PATHOLOGY STORAGE,2022,-pending-,-pending-
673,,FARM SHOP OFFICE,1977,367,325
674,,ANIMAL SCIENCE RESIDENCE - FARM HOUSE #2,1934,1759,1231
675,,MACHINE SHED - ANIMAL SCIENCE FARM,1965,1620,1541
676,,BOAR STUD COLLECTION BARN - ANIMAL SCIENCE,1977,1450,1357
677,,INSECTARY - ENTOMOLOGY AREA,1955,2776,2327
678,,ENTOMOLOGY HEADHOUSE & GREENHOUSES,2007,5313,5083
679,,ENTOMOLOGY SPECIAL PROJECTS LABORATORY,2007,1045.11,961.27
680,,ENTOMOLOGYLABORATORY,1955,3539.75,3163.99
0680A,,ENTOMOLOGY OPEN SHELTERA,1958,-pending-,-pending-
0680B,,ENTOMOLOGY OPEN SHELTER B,1958,-pending-,-pending-
0680C,,ENTOMOLOGY OPEN SHELTER C,1958,-pending-,-pending-
0680D,,ENTOMOLOGY OPEN SHELTER D,1958,-pending-,-pending-
0680E,,ENTOMOLOGY STORAGEA,1958,-pending-,-pending-
0680F,,ENTOMOLOGY STORAGE B,1958,-pending-,-pending-
0680G,,ENTOMOLOGY EQUIPMENT STORAGE BARN,1958,-pending-,-pending-
681,,ENTOMOLOGY STONEHOUSE - ENTOMOLOGY AREA,1975,410,334
682,,FARM SHOP - ANIMAL SCIENCE,1991,1882,3200
683,EFAW,ENTOMOLOGICAL LIVESTOCK RESEARCH FACILITY,1994,3581,3962
0683A,,ENTOMOLOGICAL LIVESTOCK RESEARCH LABORATORY,2006,2020,-pending-
0683B,,ENTOMOLOGICAL LIVESTOCK RESEARCH SHOP,1994,537,-pending-
0683C,,ENTOMOLOGICAL LIVESTOCK RESEARCH SHEEP SHED,1994,383,-pending-
0683D,,ENTOMOLOGICAL RESEARCH PESTICIDE TRAINING,1994,516.85,402.71
0683E,,ENTOMOLOGY PEST CONTROL EDUCATION CLASSROOM,2006,1138.22,1039.08
,,ENTOMOLOGICAL LIVESTOCK RESEARCH EQUIPMENT,,,
0683F,,,2008,3028.4,2876.48
,,STORAGE,,,
,,ENTOMOLOGICAL LIVESTOCK RESEARCH LOAFING,,,
0683G,,,1994,-pending-,-pending-
,,SHED,,,
684,,WILLARD SPARKS BEEF RESEARCH CENTER,1999,16160,15633.38
about:blank,,,,,13-Jul
"4/18/25, 12:06 PM",,about:blank,,,
0684A,,WILLARD SPARKS FEED LANEA,1998,14738.69,14719.42
0684B,,WILLARD SPARKS STORAGEA,1998,815.69,708.91
0684C,,WILLARD SPARKS FEED LANE B,1998,14757,14737.73
0684D,,WILLARD SPARKS STORAGE B,1998,816.11,709.59
0684E,,WILLARD SPARKS COMMODITY BARN,2001,4041.23,3958.23
0684F,,WILLARD SPARKS FEEDER EFFICIENCY,2013,10767,-pending-
0684G,,WILLARD SPARKS HAY BARN,2021,-pending-,-pending-
685,OBGA,OBGAEDUCATIONAL CENTER,1999,6167.35,5843.27
0685A,,BOTANIC GARDENS SAFE SHED STORM SHELTER,2012,80,-pending-
686,,OKLAHOMAGARDENING STUDIO,1995,613,551
0686A,,OKLAHOMAGARDENING COTTAGE,2008,431.27,404.83
0686B,,TBG CONCERT PAVILION,2017,-pending-,-pending-
0686C,,TBG TOOL SHED,2017,-pending-,-pending-
0686D,,OKG SHED,2017,-pending-,-pending-
0686E,,TBG HIGHWAY PAVILION,2017,-pending-,-pending-
687,,PLANT & SOIL HANDLING,1985,1825.39,1609.37
688,,HORTICULTURE STORAGE,1970,3225,-pending-
689,,PLANT PATHOLOGY RESEARCH GREENHOUSE,1996,2778.51,2642.27
690,,MACHINE STORAGE - PLANT PATHOLOGY AREA,1970,3096,2991
0690B,,OPEN SHED STORAGE B - PLANT PATHOLOGY AREA,1970,-pending-,-pending-
0690C,,OPEN SHED STORAGE C - PLANT PATHOLOGY AREA,1970,-pending-,-pending-
0690D,,STORAGE QUONSET - PLANT PATHOLOGY AREA,1970,-pending-,-pending-
691,TURF,TURF PATHOLOGY - PLANT PATHOLOGY AREA,1970,256,225
692,HNSY,NURSERY BARN,1970,5192,5253
693,,TURF RESEARCH BLDG,1983,1470,3240
694,,FORESTRY GREENHOUSE,1965,3775,3615.79
0694A,,FORESTRY GREENHOUSE SHED,2018,-pending-,-pending-
0694B,,FORESTRY STORAGE SHED,2018,-pending-,-pending-
695,,ATHERTON FAMILY ARENA,2019,39482.58,37732.16
0695A,,ATHERTON FAMILY ARENASHED,2019,1018.49,965.63
697,HEC,OSU HORTICULTURE EDUCATION CENTER,2023,2337.17,2145.47
,,OSU HORTICULTURE EDUCATION CENTER STORAGE,,,
0697A,,,Unknown,336.32,307.42
,,SHED,,,
698,,PLANT PATHOLOGY FIELD LABORATORY,1978,3000,2807
699,,PESTICIDE STORAGE # 2 - FORESTRY AREA,1999,3285.62,3222.82
700,,NUTRITION-PHYSIOLOGY CENTERANNEX,1967,8245,7546
0701A,,ANIMAL NUTRITION & PHYSIOLOGY CENTER,2021,-pending-,-pending-
702,,RESIDENCE - BEEF CATTLE AREA,1971,1575,1374
703,BCA,ARENA - BEEF CATTLE AREA,1969,10000,5654
704,,CALF REARING - BEEF CATTLE AREA,1969,4894,4368
705,,COW HERD UNIT - BEEF CATTLE AREA,1969,8080,7448
0705A,,ANIMAL SHELTER 1 - BEEF CATTLE AREA,2012,323,323
0705B,,ANIMAL SHELTER 2- BEEF CATTLE AREA,2012,323,323
0705C,,ANIMAL SHELTER 3 - BEEF CATTLE AREA,2012,323,323
0705D,,ANIMAL SHELTER 4 - BEEF CATTLE AREA,2012,318,318
0705E,,ANIMAL SHELTER 5 - BEEF CATTLE AREA,2012,315,315
0705G,,ANIMAL SHELTER 7 - BEEF CATTLE AREA,2012,160,160
0705H,,ANIMAL SHELTER 8 - BEEF CATTLE AREA,2012,160,160
0705J,,ANIMAL SHELTER 9 - BEEF CATTLE AREA,2012,165,165
0705K,,ANIMAL SHELTER 10 - BEEF CATTLE AREA,2012,315,315
706,,PROGENY TEST UNIT - BEEF CATTLE AREA,1969,9266,8701
0706A,,WHEAT PASTURE RESEARCH - BEEF CATTLEAREA,1969,3320,3300
0706B,,PUREBRED HAY BARN - BEEF CATTLE AREA,1969,4040,4040
,,WHEAT PASTURE RESEARCH STORAGE - BEEF CATTLE,,,
0706C,,,1969,140,138
,,AREA,,,
707,,FEED MIXING PLANT - BEEF CATTLE AREA,1969,5507,4480
0707A,,FEED MILL STORAGE - BEEF CATTLE AREA,1969,675,670
0707B,,FEED MIXING PLANT - BEEF CATTLE AREA B,1969,-pending-,-pending-
708,,FEED MIXING PLANT ANNEX - BEEF CATTLE AREA,1969,4000,4000
,,STORED PRODUCTS RESEARCHAND EDUCATION,,,
709,,,2002,5176.71,4738.29
,,CENTER,,,
0709A,,OKLAHOMAFOUNDATION SEED STOCKS,2017,-pending-,-pending-
,,OKLAHOMAFOUNDATION SEED STOCKS EQUIPMENT,,,
0709B,,,2017,-pending-,-pending-
,,STORAGE,,,
about:blank,,,,,13-Aug
"4/18/25, 12:06 PM",,about:blank,,,
,,OKLAHOMAFOUNDATION SEED STOCKS SEED,,,
0709C,,,2018,-pending-,-pending-
,,CLEANING ROOM,,,
0709H,,ALLERGEN EXTRACTION RESEARCH AND SHELTER,2016,-pending-,-pending-
711,,RENTAL PROPERTY (23-444) HWY 51 W,1995,6041.73,5814.67
713,,CROSSTIMBERS HAY BARN,1986,2500,-pending-
0713A,,CROSSTIMBERS CATTLE WORKING BARN,1987,1046,-pending-
714,,BLUESTEM RANGE RESEARCH,1989,2880,-pending-
0714A,,BLUESTEM RANGE RESEARCH - CATTLE SHED,2009,180,-pending-
715,,PASTURE 86 WORKING BARN,2000,1694.7,1666.63
0715A,,PASTURE 86 STALL BARN,2000,2316.64,2270.87
0715B,,PASTURE 86 INOCULATION SHED,1960,411.61,404.31
0715C,,PASTURE 86 HAY BARN,2016,4000,-pending-
0715D,,PASTURE 86 OFFICES,2020,-pending-,-pending-
716,,RANGE COW RESEARCH CENTER HEADQUARTERS,1985,4500,-pending-
0716A,,SOUTH RANGE MOBILE HOME AND STORAGE,2017,-pending-,-pending-
,,SOUTH RANGE GARAGE - SOUTH LCB RESEARCH,,,
0716B,,,1985,150,-pending-
,,RANGE,,,
,,SOUTH RANGE HAY BARN - SOUTH LCB RESEARCH,,,
0716E,,,1985,600,-pending-
,,RANGE,,,
0716F,,COW FEED & STORAGE - SOUTH LCB RESEARCH RANGE,1985,2000,-pending-
,,SOUTH RANGE STALL BARN - SOUTH LCB RESEARCH,,,
0716J,,,1985,2100,-pending-
,,RANGE,,,
,,SOUTH RANGEANIMAL SHELTER 2 - SOUTH LCB,,,
0716K,,,1985,120,-pending-
,,RESEARCH RANGE,,,
,,SOUTH RANGEANIMAL SHELTER 1 - SOUTH LCB,,,
0716L,,,1985,120,-pending-
,,RESEARCH RANGE,,,
,,HWY 86 WORKING CHUTE & SHED - SOUTH LCB,,,
0716M,,,1985,80,-pending-
,,RESEARCH RANGE,,,
,,SOUTH RANGEANIMAL SHELTER 3 - SOUTH LCB,,,
0716P,,,1985,96,-pending-
,,RESEARCH RANGE,,,
,,SOUTH RANGE FEED STORAGE - SOUTH LCB RESEARCH,,,
0716Q,,,1985,-pending-,-pending-
,,RANGE,,,
,,SOUTH RANGEANIMAL SHELTER 5 - SOUTH LCB,,,
0716R,,,1985,64,-pending-
,,RESEARCH RANGE,,,
,,SOUTH RANGEANIMAL SHELTER 6 - SOUTH LCB,,,
0716S,,,1985,64,-pending-
,,RESEARCH RANGE,,,
,,SOUTH RANGEANIMAL SHELTER 4 - SOUTH LCB,,,
0716T,,,1985,120,-pending-
,,RESEARCH RANGE,,,
,,SOUTH RANGE STORAGE - SOUTH LCB RESEARCH,,,
0716U,,,1985,80,-pending-
,,RANGE,,,
,,SOUTH RANGE LOAFING SHED 1 - SOUTH LCB,,,
0716V,,,1985,120,-pending-
,,RESEARCH RANGE,,,
,,SOUTH RANGE LOAFING SHED 2 - SOUTH LCB,,,
0716W,,,1985,120,-pending-
,,RESEARCH RANGE,,,
,,SOUTH RANGE LOAFING SHED 3 - SOUTH LCB,,,
0716X,,,1985,120,-pending-
,,RESEARCH RANGE,,,
717,,LCB IRRIGATION PUMP HOUSE,2008,-pending-,-pending-
718,,ZOOLOGICAL STORAGE FACILITY,2011,5563.22,5311.02
720,,LAKE CARL BLACKWELL PIONEER LODGE,1955,4234,3728
721,,LAKE CARL BLACKWELL FISHERY OFFICE,1955,168,134
722,,LAKE CARL BLACKWELL CONCESSIONS,1955,1979.75,1661.38
0722A,,LAKE CARL BLACKWELL CARPORT A,2021,-pending-,-pending-
0722B,,LAKE CARL BLACKWELL CARPORT B,2021,-pending-,-pending-
,,LAKE CARL BLACKWELL TRAILHEAD RESTROOM &,,,
0722C,,,2003,685.65,614.12
,,SHOWERS,,,
0722D,,LAKE CARL BLACKWELL BUNKHOUSE,2008,658.46,603.67
0722E,,LAKE CARL BLACKWELL FLOATING FISHING DOCK,2008,716.76,676.47
0722F,,LAKE CARL BLACKWELL FLOATING FUEL DOCK,2008,-pending-,-pending-
,,LAKE CARL BLACKWELL SKI POINT WATERLESS,,,
0722G,,,2008,114.91,98.51
,,RESTROOM,,,
,,LAKE CARL BLACKWELL SKI POINT EAST WATERLESS,,,
0722H,,,2013,114.91,98.51
,,RESTROOM,,,
,,LAKE CARL BLACKWELL HUNTS MEADOW WATERLESS,,,
0722J,,,2013,114.91,98.51
,,RESTROOM,,,
,,LAKE CARL BLACKWELL BEAVER COVEWATERLESS,,,
0722K,,,2013,114.91,98.51
,,RESTROOM,,,
about:blank,,,,,13-Sep
"4/18/25, 12:06 PM",,about:blank,,,
0722L,,LAKE CARL BLACKWELL HUNTS MEADOW PAVILION,2013,-pending-,-pending-
,,LAKE CARL BLACKWELL HUNTS MEADOW ANIMAL,,,
0722M,,,2013,-pending-,-pending-
,,SHELTER,,,
0722N,,LAKE CARL BLACKWELL SKI POINT PAVILION,2013,-pending-,-pending-
0722P,,LAKE CARL BLACKWELL CEDAR POINT PAVILION,2013,-pending-,-pending-
,,LAKE CARL BLACKWELL CEDAR POINT STORM,,,
0722Q,,,2013,-pending-,-pending-
,,SHELTER,,,
,,LAKE CARL BLACKWELL SKI POINT SOUTHWATERLESS,,,
0722R,,,2013,-pending-,-pending-
,,RESTROOM,,,
,,LAKE CARL BLACKWELL HUNTS MEADOW SOUTH,,,
0722S,,,2013,-pending-,-pending-
,,WATERLESS RESTRM,,,
0722T,,LAKE CARL BLACKWELL HPELSWATERLESS RESTROOM,2013,-pending-,-pending-
0722U,,LAKE CARL BLACKWELL SKI POINT SOUTH PAVILION,2013,-pending-,-pending-
,,LAKE CARL BLACKWELL SKI POINT NORTHWATERLESS,,,
0722V,,,2016,-pending-,-pending-
,,RESTROOM,,,
,,LAKE CARL BLACKWELL SCISSORTAIL LANE,,,
0722W,,,2016,-pending-,-pending-
,,WATERLESS RESTROOM,,,
,,LAKE CARL BLACKWELL SKI POINT BEACHWATERLESS,,,
0722X,,,2023,-pending-,-pending-
,,RESTROOM,,,
723,,LAKE CARL BLACKWELL CABIN 00,1955,624,555
0723A,,LAKE CARL BLACKWELL CABIN 9,1955,396,309
0723B,,LAKE CARL BLACKWELL CABIN 10,1955,396,309
0723C,,LAKE CARL BLACKWELL CABIN 13,1955,396,309
0723D,,LAKE CARL BLACKWELL CABIN 15,1955,396,309
0723E,,LAKE CARL BLACKWELL CABIN 16,1955,396,309
0723F,,LAKE CARL BLACKWELL CABIN 17,1955,585,467
0723G,,LAKE CARL BLACKWELL CABIN 18,1955,585,467
0723H,,LAKE CARL BLACKWELL CABIN 14,1955,585,467
0723I,,LAKE CARL BLACKWELL CABIN 11,1955,585,467
0723J,,LAKE CARL BLACKWELL CABIN 12,1955,585,467
0723K,,LAKE CARL BLACKWELL CABIN 1,1955,528,474
0723L,,LAKE CARL BLACKWELL CABIN 2,1955,528,474
0723M,,LAKE CARL BLACKWELL CABIN 3,1955,528,474
0723N,,LAKE CARL BLACKWELL CABIN 4,1955,528,474
0723O,,LAKE CARL BLACKWELL CABIN 5,1955,528,474
0723P,,LAKE CARL BLACKWELL CABIN 6,1955,528,474
0723Q,,LAKE CARL BLACKWELL CABIN 7,1955,528,474
0723R,,LAKE CARL BLACKWELL CABIN 8,1955,528,474
0723S,,LAKE CARL BLACKWELL LINEN STORAGE,1955,176,146
0723U,,LAKE CARL BLACKWELL PAVILION,1955,1800,1689
724,,LAKE CARL BLACKWELL STORAGE,1955,600,541
0724A,,LAKE CARL BLACKWELL METAL SHOP BUILDING,2003,503.78,479.04
0724B,,LAKE CARL BLACKWELL METAL SHOP BUILDING 2,2003,1217.5,1200.32
0724C,,LAKE CARL BLACKWELL FEE BOOTH,2007,242.9,214.82
0724D,,LAKE CARL BLACKWELL GROUNDS OFFICE,2008,263.55,235.91
0724E,,LAKE CARL BLACKWELL OLD STORAGE SHED,2015,-pending-,-pending-
0724F,,LAKE CARL BLACKWELL FIREWOOD SHED,2015,-pending-,-pending-
0724G,,LAKE CARL BLACKWELL PARK OFFICE,2021,-pending-,-pending-
725,,OKLAHOMABEEF INC - OFFICE-HEADQUARTERS,1972,1200,14596
0725A,,OKLAHOMABEEF INC - SALE BARN,2000,3200,-pending-
0725B,,OKLAHOMA BEEF INC - WORKING PENS,2000,1800,-pending-
0725C,,OKLAHOMA BEEF INC - ANGUS BARN,1995,9000,-pending-
0725D,,OKLAHOMABEEF INC - BRANGUS BARN,1971,5250,-pending-
0725E,,OKLAHOMA BEEF INC - OLD ANGUS BARN,1971,10500,-pending-
0725F,,OKLAHOMABEEF INC - HEREFORD BARN,1971,7500,-pending-
0725G,,OKLAHOMABEEF INC - POLLED HEREFORD BARN,1978,7500,-pending-
0725H,,OKLAHOMABEEF INC - LIMOUSIN & CHAROLAIS BARN,1978,7500,-pending-
0725J,,OKLAHOMABEEF INC - FOUR BREED BARN,1995,9000,-pending-
0725K,,OKLAHOMA BEEF INC - HAY BARN,1995,3200,-pending-
0725L,,OKLAHOMABEEF INC - RESIDENCE,1977,1800,-pending-
0725M,,OKLAHOMABEEF INC - RESIDENCE GARAGE,1977,400,-pending-
726,,RESIDENCE - LAKE CARL BLACKWELL,1938,1074,1074
727,,FIRE TRAINING STORAGE,1983,9322.92,8893.83
0727A,,FIRE TRAINING STORAGE MECHANICAL,2003,123.69,106.64
728,,INTERIOR FIREATTACK FACILITY,1983,1115.19,962.43
about:blank,,,,,13-Oct
"4/18/25, 12:06 PM",,about:blank,,,
729,,FST TRAINING TOWER,2021,-pending-,-pending-
730,,BURN SIMULATOR,1995,861.34,675.98
0730A,,OUTDOOR REHAB SHELTER - FIRE TRAINING,2003,504.82,498.25
737,,H.S. MENDENHALL OBSERVATORY,2002,205,-pending-
0737A,,H.S. MENDENHALL OBSERVATORY CONTROL BUILDING,2017,-pending-,-pending-
740,,KOSU/KSPI EQUIPMENT BUILDING,1990,1003,920
741,,MARE BARN - VETERINARY MEDICINE RANCH,1994,3024,3024
742,,WITCHER BARN - VETERINARY MEDICINE RANCH,1992,3367,3468
743,,STRATTON BARN - VETERINARY MEDICINE RANCH,1983,5867,3367
744,,MONIN BARN - VETERINARY MEDICINE RANCH,1992,1728,1728
745,,SHOP BUILDING - VETERINARY MEDICINE RANCH,1983,1800,1800
0746A,,PUMP HOUSE - VETERINARY MEDICINE RANCH,2009,157.67,129.34
,,RESIDENCE - MOBILE HOME - VETERINARY MEDICINE,,,
0746B,,,2014,1280,-pending-
,,RANCH,,,
748,,HAY BARN - VETERINARY MEDICINE RANCH,1983,834,834
0748A,,LOAFING SHED 1 - VETERINARY MEDICINE RANCH,1983,-pending-,-pending-
0748B,,LOAFING SHED 2 - VETERINARY MEDICINE RANCH,1983,-pending-,-pending-
0748C,,LOAFING SHED 3 - VETERINARY MEDICINE RANCH,1983,-pending-,-pending-
749,,STALLION BARN - VETERINARY MEDICINE RANCH,1989,1800,1800
,,SOUTH STALLION BARN - VETERINARY MEDICINE,,,
0749A,,,1989,2000,-pending-
,,RANCH,,,
750,,CAMP REDLANDS DINING HALL,1924,3147,2970
0750A,,BUNK HOUSE 1 - CAMP REDLANDS,1924,553,534
0750B,,BUNK HOUSE 2 - CAMP REDLANDS,1924,553,534
0750C,,BUNK HOUSE 3 - CAMP REDLANDS,1924,583,534
0750D,,BUNK HOUSE 4 - CAMP REDLANDS,1924,583,534
0750E,,BUNK HOUSE 5 - CAMP REDLANDS,1924,583,534
0750F,,BUNK HOUSE 6 - CAMP REDLANDS,1924,583,534
0750G,,BUNK HOUSE 7 - CAMP REDLANDS,1924,583,534
0750H,,BUNK HOUSE 8 - CAMP REDLANDS,1924,583,534
0750I,,BUNK HOUSE 9 - CAMP REDLANDS,1924,583,534
0750J,,BUNK HOUSE 10 - CAMP REDLANDS,1924,583,534
0750K,,BUNK HOUSE 11 - CAMP REDLANDS,1924,583,534
0750L,,BUNK HOUSE 12 - CAMP REDLANDS,1924,583,534
0750M,,RESIDENTS HOUSE - CAMP REDLANDS,1924,1127,950
0750N,,OLD BATH HOUSE 1 - CAMP REDLANDS,1924,914,840
0750P,,STORAGE - CAMP REDLANDS,1924,256,225
0750Q,,BATH HOUSE - CAMP REDLANDS,1924,1114.59,977.22
0750R,,TOOL BARN - CAMP REDLANDS,1924,1300,1267
0750S,,PAVILION - CAMP REDLANDS,1924,3535.59,3535.59
0750U,,ROPES COURSE STORAGE - CAMP REDLANDS,2016,98,84
0750V,,MOVABLE STORAGE - CAMP REDLANDS,2016,150,145
,,CAMP REDLANDS RESEARCH FACILITY - VETERINARY,,,
752,,,2011,-pending-,-pending-
,,MEDICINE,,,
761,,RAM TEST STATION - NORTH OF BEEF CATTLE,1991,1200,-pending-
0761A,,GARAGEAND STORAGE - NORTH OF BEEF CATTLE,1970,750,-pending-
0761B,,MOBILE HOME - NORTH OF BEEF CATTLE,2012,1000,-pending-
0775B,,NORTH RANGE OFFICE - NORTH LCB RESEARCH RANGE,1950,192,-pending-
0775C,,NORTH RANGE SHOP - NORTH LCB RESEARCH RANGE,2007,600,-pending-
,,NORTH RANGE HEIFER BARN - NORTH LCB RESEARCH,,,
0775D,,,1960,1152,-pending-
,,RANGE,,,
,,NORTH RANGE BOX CAR FEED STORAGE - NORTH LCB,,,
0775E,,,1960,390,-pending-
,,RES RANGE,,,
,,NORTH RANGE CALVING BARN - NORTH LCB RESEARCH,,,
0775L,,,1960,1872,-pending-
,,RANGE,,,
0775M,,NORTH RANGE WEST PENS SHED-ANIMAL SHELTER,1960,512,-pending-
,,NORTH RANGE EAST HAY BARN - NORTH LCB,,,
0775S,,,1960,2068.06,1862.08
,,RESEARCH RANGE,,,
,,NORTH RANGE EAST LOAFING SHED - NORTH LCB,,,
0775T,,,1960,504,-pending-
,,RESEARCH RGE,,,
,,NORTH RANGE STACK EAST HAY BARN - NORTH LCB,,,
0775U,,,1960,-pending-,-pending-
,,RESEARCH RG,,,
,,ANIMAL SCIENCE RESIDENCE - MOBILE HOME -,,,
777,,,1989,1120,-pending-
,,PUREBRED RANGE,,,
,,ANIMAL SCIENCE RESIDENCE GARAGE BY BUILDING,,,
778,,,2003,498.55,489.96
,,777,,,
about:blank,,,,,13-Nov
"4/18/25, 12:06 PM",,about:blank,,,
,,ANIMAL SCIENCE COVERED PEN/CORRALS - PUREBRED,,,
0778A,,,1960,500,-pending-
,,RANGE,,,
0778B,,ANIMAL SCIENCE QUONSET - PUREBRED RANGE,1960,1500,-pending-
0778C,,ANIMAL SCIENCE CORRALS SHED - PUREBRED RANGE,1960,500,-pending-
0778D,,ANIMAL SCIENCE HAY BARN - PUREBRED RANGE,1960,1750,-pending-
,,ANIMAL SCIENCE SHEDAT WORKING PENS - PUREBRED,,,
0778E,,,1960,900,-pending-
,,RANGE,,,
,,ANIMAL SCIENCE CONC BLOCK SHELTERA - PUREBRED,,,
0778F,,,1960,200,-pending-
,,RANGE,,,
,,ANIMAL SCIENCE CONC BLOCK SHELTER B - PUREBRED,,,
0778G,,,1960,200,-pending-
,,RANGE,,,
,,ANIMAL SCIENCE METAL ANIMAL SHELTERA -,,,
0778H,,,1960,200,-pending-
,,PUREBRED RANGE,,,
,,ANIMAL SCIENCE METAL ANIMAL SHELTER B -,,,
0778J,,,1960,200,-pending-
,,PUREBRED RANGE,,,
,,ANIMAL SCIENCE METAL ANIMAL SHELTER C -,,,
0778K,,,1960,200,-pending-
,,PUREBRED RANGE,,,
,,ANIMAL SCIENCE METAL ANIMAL SHELTER D -,,,
0778L,,,1960,200,-pending-
,,PUREBRED RANGE,,,
,,ANIMAL SCIENCE METAL ANIMAL SHELTER E -,,,
0778M,,,1960,200,-pending-
,,PUREBRED RANGE,,,
0778N,,ANIMAL SCIENCE PUMP HOUSE - PUREBRED RANGE,1960,100,-pending-
,,METAL BUILDING SOUTH OF VET MED RANCH ON 44TH,,,
780,,,1994,239.65,212.3
,,AVENUE,,,
,,LOAFING SHED SOUTH OF VET MED RANCH ON 44TH,,,
0780A,,,1994,299.61,284.27
,,AVENUE,,,
,,LOAFING SHED 2 SOUTH OF VET MED RANCH ON 44TH,,,
0780B,,,1994,300.37,285.02
,,AVENUE,,,
790,,OKLAHOMASTATE UNIVERSITY LIBRARY ANNEX,1996,53818.26,52641.96
791,BNA,BANK NA,1996,8152.74,7371.63
792,,OSU TRANSIT SERVICES,2003,1721.3,1569.35
,,TRANSPORTATION OPERATIONSAND MAINTENANCE,,,
793,,,Unknown,-pending-,-pending-
,,FACILITY,,,
794,,UNIVERSITY HOUSE,2022,16272.82,15457.27
0794A,,FACILITIES MANAGEMENT LANDSCAPE SERVICES SHED,2023,-pending-,-pending-
795,,COMPRESSED NATURAL GAS FUELING FACILITY,2010,1500,1500
798,,RODEOARENA ACTIVITY CENTER,2020,1344,1226.78
799,,RODEO BARN,2001,29491.14,29460.64
800,,EQUINE SPORTS RESEARCH,1996,5559.82,5134.98
801,,EQUINE SPORTS RESEARCH STALL BARN,1997,6688.05,6593.83
802,,EQUINE SPORTS RESEARCH STORAGE,1997,2833.11,2779.42
803,,EQUINE SPORTS RESEARCH FORCE PLATE FACILITY,1996,1774.11,1643.28
804,,EQUINE SPORTS RESEARCH BIOSAFETY MANURE BIN,2015,-pending-,-pending-
805,,EQUINE SPORTS RESEARCH FEED STORAGE,2015,-pending-,-pending-
0806A,,EQUINE SPORTS RESEARCH - ANIMAL SHELTER 1,2016,-pending-,-pending-
0806B,,EQUINE SPORTS RESEARCH - ANIMAL SHELTER 2,2016,-pending-,-pending-
0806C,,EQUINE SPORTS RESEARCH - ANIMAL SHELTER 3,2016,-pending-,-pending-
0806D,,EQUINE SPORTS RESEARCH - ANIMAL SHELTER 4,2016,-pending-,-pending-
0806E,,EQUINE SPORTS RESEARCH - ANIMAL SHELTER 5,2016,-pending-,-pending-
0806F,,EQUINE SPORTS RESEARCH - ANIMAL SHELTER 6,2016,-pending-,-pending-
0806G,,EQUINE SPORTS RESEARCH - ANIMAL SHELTER 7,2016,-pending-,-pending-
0806H,,EQUINE SPORTS RESEARCH - ANIMAL SHELTER 8,2016,-pending-,-pending-
0806J,,EQUINE SPORTS RESEARCH - ANIMAL SHELTER 9,2016,-pending-,-pending-
0806K,,EQUINE SPORTS RESEARCH - ANIMAL SHELTER 10,2016,-pending-,-pending-
807,,EQUINE SPORTS RESEARCH TREADMILL,2019,-pending-,-pending-
0830A,,USDAHYD ENGR RSCH UNIT - ARS 1 - CARPENTRY SHOP,1941,-pending-,-pending-
0830B,,USDAHYD ENGR RSCH UNIT - ARS 2 - EAST SHOP,1941,-pending-,-pending-
0830C,,USDAHYD ENGR RSCH UNIT - ARS 3 - WOOD SHED,1941,-pending-,-pending-
0830D,,USDAHYD ENGR RSCH UNIT - ARS 4 - QUONSET,1941,-pending-,-pending-
0830E,,USDAHYD ENGR RSCH UNIT - ARS 5 - STORAGE BLDG,1941,-pending-,-pending-
,,USDAHYD ENGR RSCH UNIT - ARS 6 - 22 FT MODEL,,,
0830F,,,1941,-pending-,-pending-
,,BLDG,,,
0830G,,USDAHYD ENGR RSCH UNIT - ARS 8 - GATE HOUSE,1941,-pending-,-pending-
0830H,,USDAHYD ENGR RSCH UNIT - ARS 9 - MODEL C,1941,-pending-,-pending-
,,USDAHYD ENGR RSCH UNIT - ARS 10 - RECIRC. MODEL,,,
0830J,,,1941,-pending-,-pending-
,,BLDG,,,
about:blank,,,,,13-Dec
"4/18/25, 12:06 PM",,about:blank,,,
0830K,,USDAHYD ENGR RSCH UNIT - ARS 11 - PUMP HOUSE,1941,-pending-,-pending-
0830L,,USDAHYD ENGR RSCH UNIT - ARS 12 - OIL BLDG,2011,-pending-,-pending-
0830M,,USDAHYD ENGR RSCH UNIT - ARS 25 - OFFICE BLDG,2009,-pending-,-pending-
0830N,,USDAHYD ENGR RSCH UNIT - SHELTER 1,2009,-pending-,-pending-
0830P,,USDAHYD ENGR RSCH UNIT - SHELTER 2,2009,-pending-,-pending-
0830Q,,USDAHYD ENGR RSCH UNIT - RCC STORAGE SHELTER,2009,-pending-,-pending-
835,,UNIVERSITY HANGARAT AIRPORT,1987,5700,5700
836,,OSUAVIATION CENTER,1996,17536,17536
0836A,,OSUAVIATION CENTER OFFICE,2021,-pending-,-pending-
838,,AEROSPACE SYSTEMS DISCOVERY LAB,2019,-pending-,-pending-
839,,RAY AND LINDA BOOKER OSU FLIGHT CENTER,2020,12050.08,11152.77
840,,OSU RICHMOND HILL RESEARCH COMPLEX,1996,38562.96,36120.72
,,VENTURE ONE - OKLAHOMA TECHNOLOGY RESEARCH,,,
850,VONE,,2011,36707.08,34145.94
,,PARK,,,
851,,MICHAEL S. MORGAN BUSINESS ACCELERATOR,2009,26031.93,23782.23
875,,OKLAHOMASTATE UNIVERSITY POSTAL PLAZA,2010,39413.46,29117.38
876,PAC,PRAIRIE ARTS CENTER,2017,-pending-,-pending-
900,,UNMANNEDAIRCRAFT FLIGHT STATION CONTROL,2014,1200,-pending-
901,,UNMANNEDAIRCRAFT FLIGHT STATION HANGAR,2014,1200,-pending-
902,,UNMANNEDAIRCRAFT FLIGHT STATION RAMADA,2014,1500,-pending-
920,,OSU DISCOVERY,2020,170484.42,114579.28
921,,OSU DISCOVERY - PARKING GARAGE,2020,116486.33,113005.3
950,,KOSU BROADCAST STUDIO - OKLAHOMA CITY,2013,3454,3846
951,,KOSU TRANSMITTER FACILITY - GUTHRIE,2004,288,255
952,,KOSN TRANSMITTER FACILITY - NOWATA,2014,160,160
953,,KOSR TRANSMITTER EQUIPMENT - STILLWATER,2012,-pending-,-pending-
954,,KOSU BIXBY TRANSLATOR EQUIPMENT- TULSA,1990,-pending-,-pending-
955,,KOSU TRANSMITTER EQUIPMENT - PONCA CITY,1990,-pending-,-pending-
1002,,NATIONAL WRESTLING HALL OF FAME,1993,-pending-,-pending-
1010,,SMALL JOBS CONTRACTOR OFFICE,2013,-pending-,-pending-
1011,,CELLULAR ONE WIRELESS EQUIPMENT,1990,206,-pending-
1012,,AT&T WIRELESS EQUIPMENT,2004,-pending-,-pending-
1030,,OSU EXTENSION CENTER,2024,-pending-,-pending-
1701,,CASAMIA APARTMENTS - NORTH,2024,-pending-,-pending-
1702,,CASAMIA APARTMENTS - SOUTH,2024,-pending-,-pending-
,,,Totals,13880882.6,12260794.48
about:blank,,,,,13/13